<?xml version="1.0" encoding="UTF-8"?>
<project-private xmlns="http://www.netbeans.org/ns/project-private/1">
    <editor-bookmarks xmlns="http://www.netbeans.org/ns/editor-bookmarks/2" lastBookmarkId="0"/>
    <open-files xmlns="http://www.netbeans.org/ns/projectui-open-files/2">
        <group>
            <file>file:/C:/Users/ASUS/Documents/2023/kel4%20(2)/rev/src/View/DetailBook.java</file>
            <file>file:/C:/Users/ASUS/Documents/2023/kel4%20(2)/rev/src/Service/MyBookService.java</file>
            <file>file:/C:/Users/ASUS/Documents/2023/kel4%20(2)/rev/src/View/AddBookFrame.java</file>
            <file>file:/C:/Users/ASUS/Documents/2023/kel4%20(2)/rev/src/App.java</file>
            <file>file:/C:/Users/ASUS/Documents/2023/kel4%20(2)/rev/src/Util/ButtonRenderer.java</file>
            <file>file:/C:/Users/ASUS/Documents/2023/kel4%20(2)/rev/src/View/ReadFrame.java</file>
            <file>file:/C:/Users/ASUS/Documents/2023/kel4%20(2)/rev/src/Service/MyBookServiceImpl.java</file>
            <file>file:/C:/Users/ASUS/Documents/2023/kel4%20(2)/rev/src/Repository/MyBookRepository.java</file>
            <file>file:/C:/Users/ASUS/Documents/2023/kel4%20(2)/rev/src/Repository/MyBookRepositoryImpl.java</file>
            <file>file:/C:/Users/ASUS/Documents/2023/kel4%20(2)/rev/src/View/pages/MyBookPage.java</file>
            <file>file:/C:/Users/ASUS/Documents/2023/kel4%20(2)/rev/src/Util/ButtonEditor.java</file>
        </group>
    </open-files>
</project-private>
